Month,Total_Samples,Malware_Count,Benign_Count,Malware_Ratio_%,Static_Precision,Static_Recall,Static_F1,Static_PR_AUC,Static_F1_95CI,Cum_Precision,Cum_Recall,Cum_F1,Cum_PR_AUC,Cum_F1_95CI,SW_Precision,SW_Recall,SW_F1,SW_PR_AUC,SW_F1_95CI
2021-02,943,240,703,25.45,0.8403,0.8333,0.8368,0.9033,[0.800-0.870],0.8403,0.8333,0.8368,0.9033,[0.800-0.870],0.8403,0.8333,0.8368,0.9033,[0.800-0.870]
2021-03,1016,345,671,33.96,0.8381,0.8551,0.8465,0.8996,[0.817-0.871],0.8226,0.887,0.8536,0.8903,[0.826-0.879],0.8226,0.887,0.8536,0.8903,[0.826-0.879]
2021-04,1038,341,697,32.85,0.8851,0.8358,0.8597,0.9087,[0.829-0.888],0.8919,0.871,0.8813,0.8833,[0.854-0.906],0.8919,0.871,0.8813,0.8833,[0.854-0.906]
2021-05,1275,339,936,26.59,0.8057,0.8319,0.8186,0.8742,[0.789-0.851],0.8671,0.885,0.8759,0.9419,[0.852-0.898],0.9159,0.8673,0.8909,0.9485,[0.870-0.912]
2021-06,1340,344,996,25.67,0.8464,0.8488,0.8476,0.8888,[0.813-0.871],0.8879,0.8983,0.8931,0.9497,[0.866-0.918],0.858,0.8779,0.8678,0.9216,[0.839-0.895]
2021-07,1311,316,995,24.1,0.7619,0.8608,0.8083,0.84,[0.774-0.837],0.7136,0.962,0.8194,0.8607,[0.787-0.848],0.861,0.9019,0.881,0.9019,[0.851-0.912]
2021-08,1016,185,831,18.21,0.7197,0.9297,0.8113,0.83,[0.771-0.852],0.8724,0.9243,0.8976,0.9567,[0.868-0.926],0.8607,0.9351,0.8964,0.9427,[0.866-0.925]
2021-09,840,139,701,16.55,0.7048,0.8417,0.7672,0.7766,[0.712-0.818],0.916,0.8633,0.8889,0.9386,[0.849-0.927],0.8759,0.8633,0.8696,0.9018,[0.829-0.909]
2021-10,782,104,678,13.3,0.6642,0.8558,0.7479,0.8239,[0.695-0.808],0.9318,0.7885,0.8542,0.9158,[0.802-0.899],0.9208,0.8942,0.9073,0.9115,[0.865-0.947]
2021-11,641,123,518,19.19,0.7778,0.9106,0.839,0.8808,[0.790-0.883],0.9224,0.8699,0.8954,0.9593,[0.854-0.932],0.777,0.935,0.8487,0.8958,[0.801-0.893]
2021-12,480,83,397,17.29,0.6915,0.7831,0.7345,0.7631,[0.663-0.798],0.8953,0.9277,0.9112,0.9639,[0.865-0.950],0.7315,0.9518,0.8272,0.8935,[0.764-0.879]
2022-01,152,55,97,36.18,0.8723,0.7455,0.8039,0.8165,[0.703-0.886],0.9592,0.8545,0.9038,0.9682,[0.838-0.958],0.9615,0.9091,0.9346,0.9596,[0.875-0.980]
2022-02,98,34,64,34.69,0.9091,0.8824,0.8955,0.8102,[0.810-0.967],1.0,0.9118,0.9538,0.9835,[0.892-1.000],0.9667,0.8529,0.9062,0.9656,[0.814-0.968]
2022-03,154,66,88,42.86,0.8955,0.9091,0.9023,0.9429,[0.854-0.953],0.9836,0.9091,0.9449,0.9802,[0.904-0.978],0.9394,0.9394,0.9394,0.9156,[0.902-0.976]
2022-04,122,62,60,50.82,0.9194,0.9194,0.9194,0.9376,[0.872-0.966],0.9683,0.9839,0.976,0.9967,[0.950-1.000],0.9091,0.9677,0.9375,0.9377,[0.895-0.977]
2022-05,121,61,60,50.41,0.9344,0.9344,0.9344,0.9244,[0.891-0.975],1.0,0.9508,0.9748,1.0,[0.942-1.000],0.9524,0.9836,0.9677,0.9877,[0.931-0.993]
2022-06,153,61,92,39.87,0.9048,0.9344,0.9194,0.8206,[0.868-0.969],0.9062,0.9508,0.928,0.894,[0.877-0.970],0.9355,0.9508,0.9431,0.8845,[0.901-0.982]
2022-07,111,52,59,46.85,0.9057,0.9231,0.9143,0.8777,[0.863-0.965],1.0,0.9231,0.96,0.9902,[0.919-0.991],0.96,0.9231,0.9412,0.9673,[0.891-0.976]
2022-08,128,52,76,40.62,0.8723,0.7885,0.8283,0.9074,[0.755-0.902],0.9796,0.9231,0.9505,0.981,[0.897-0.987],0.9792,0.9038,0.94,0.9424,[0.890-0.981]
2022-09,151,61,90,40.4,0.9574,0.7377,0.8333,0.9211,[0.756-0.904],0.98,0.8033,0.8829,0.9527,[0.821-0.941],0.9804,0.8197,0.8929,0.9495,[0.828-0.950]
2022-10,180,72,108,40.0,0.9194,0.7917,0.8507,0.9202,[0.773-0.916],1.0,0.8889,0.9412,0.977,[0.896-0.978],0.9552,0.8889,0.9209,0.9763,[0.869-0.965]
2022-11,106,48,58,45.28,0.9429,0.6875,0.7952,0.9212,[0.676-0.880],0.9318,0.8542,0.8913,0.963,[0.810-0.948],0.9268,0.7917,0.8539,0.923,[0.748-0.927]
2022-12,115,54,61,46.96,0.9362,0.8148,0.8713,0.9557,[0.791-0.933],0.9804,0.9259,0.9524,0.971,[0.905-0.991],0.9434,0.9259,0.9346,0.9598,[0.884-0.979]
2023-01,71,33,38,46.48,0.9259,0.7576,0.8333,0.8643,[0.708-0.933],0.9032,0.8485,0.875,0.9564,[0.776-0.952],0.9259,0.7576,0.8333,0.8977,[0.732-0.930]
2023-02,116,76,40,65.52,0.9483,0.7237,0.8209,0.9334,[0.743-0.899],1.0,0.8026,0.8905,0.983,[0.830-0.945],0.9351,0.9474,0.9412,0.9607,[0.903-0.974]
2023-03,101,45,56,44.55,0.9231,0.5333,0.6761,0.849,[0.536-0.773],0.871,0.6,0.7105,0.9143,[0.571-0.814],0.9756,0.8889,0.9302,0.9285,[0.861-0.978]
2023-04,88,36,52,40.91,0.9333,0.7778,0.8485,0.9439,[0.757-0.923],0.9667,0.8056,0.8788,0.9675,[0.782-0.947],0.8919,0.9167,0.9041,0.9682,[0.825-0.956]
2023-05,83,36,47,43.37,0.9545,0.5833,0.7241,0.8887,[0.571-0.848],1.0,0.7778,0.875,0.9454,[0.779-0.943],0.9429,0.9167,0.9296,0.9428,[0.863-0.985]
2023-06,97,36,61,37.11,0.9032,0.7778,0.8358,0.9147,[0.735-0.924],0.9706,0.9167,0.9429,0.9818,[0.883-1.000],0.8293,0.9444,0.8831,0.9504,[0.808-0.951]
2023-07,72,25,47,34.72,0.9524,0.8,0.8696,0.8988,[0.750-0.963],0.9048,0.76,0.8261,0.9037,[0.696-0.930],1.0,0.88,0.9362,0.9482,[0.853-1.000]
2023-08,106,44,62,41.51,1.0,0.5909,0.7429,0.8806,[0.600-0.854],0.8889,0.7273,0.8,0.8563,[0.697-0.888],0.8947,0.7727,0.8293,0.8745,[0.747-0.907]
2023-09,77,31,46,40.26,0.875,0.6774,0.7636,0.8438,[0.615-0.887],0.8485,0.9032,0.875,0.9144,[0.794-0.947],0.8276,0.7742,0.8,0.8567,[0.660-0.902]
2023-10,110,53,57,48.18,0.9375,0.566,0.7059,0.8679,[0.595-0.816],0.9487,0.6981,0.8043,0.8359,[0.717-0.877],0.8571,0.7925,0.8235,0.9227,[0.746-0.894]
2023-11,88,31,57,35.23,0.9474,0.5806,0.72,0.8379,[0.564-0.839],0.8621,0.8065,0.8333,0.8159,[0.714-0.929],0.7353,0.8065,0.7692,0.7975,[0.632-0.878]
2023-12,61,16,45,26.23,0.9167,0.6875,0.7857,0.8539,[0.560-0.917],0.875,0.875,0.875,0.9437,[0.732-0.974],0.7895,0.9375,0.8571,0.8615,[0.723-0.964]
