Month,Total_Samples,Malware_Ratio_%,1M_Monthly_Precision,1M_Monthly_Recall,1M_Monthly_F1,1M_Monthly_PR_AUC,1M_Monthly_F1_95CI,2M_Bimonthly_Precision,2M_Bimonthly_Recall,2M_Bimonthly_F1,2M_Bimonthly_PR_AUC,2M_Bimonthly_F1_95CI,3M_Quarterly_Precision,3M_Quarterly_Recall,3M_Quarterly_F1,3M_Quarterly_PR_AUC,3M_Quarterly_F1_95CI,6M_Semiannually_Precision,6M_Semiannually_Recall,6M_Semiannually_F1,6M_Semiannually_PR_AUC,6M_Semiannually_F1_95CI
2021-02,943,25.45,0.8738,0.75,0.8072,0.8837,[0.768-0.846],0.8738,0.75,0.8072,0.8837,[0.768-0.846],0.8738,0.75,0.8072,0.8837,[0.768-0.846],0.8738,0.75,0.8072,0.8837,[0.768-0.846]
2021-03,1016,33.96,0.8765,0.8638,0.8701,0.8939,[0.846-0.898],0.8892,0.8377,0.8627,0.9179,[0.831-0.888],0.8892,0.8377,0.8627,0.9179,[0.831-0.888],0.8892,0.8377,0.8627,0.9179,[0.831-0.888]
2021-04,1038,32.85,0.9224,0.871,0.8959,0.9035,[0.871-0.917],0.9224,0.871,0.8959,0.9035,[0.871-0.917],0.9329,0.8152,0.8701,0.9246,[0.845-0.893],0.9329,0.8152,0.8701,0.9246,[0.845-0.893]
2021-05,1275,26.59,0.9193,0.8732,0.8956,0.9481,[0.868-0.919],0.8444,0.8643,0.8542,0.8789,[0.825-0.879],0.9193,0.8732,0.8956,0.9481,[0.868-0.919],0.8613,0.7876,0.8228,0.8863,[0.793-0.855]
2021-06,1340,25.67,0.8908,0.9012,0.896,0.9428,[0.871-0.917],0.8908,0.9012,0.896,0.9428,[0.871-0.917],0.9009,0.8721,0.8863,0.9388,[0.862-0.908],0.9142,0.8052,0.8563,0.9044,[0.833-0.884]
2021-07,1311,24.1,0.8824,0.9019,0.892,0.9014,[0.870-0.914],0.8632,0.8987,0.8806,0.8798,[0.856-0.903],0.8554,0.8987,0.8765,0.8789,[0.854-0.900],0.827,0.8323,0.8297,0.8735,[0.800-0.859]
2021-08,1016,18.21,0.8895,0.9135,0.9013,0.9581,[0.878-0.928],0.8895,0.9135,0.9013,0.9581,[0.878-0.928],0.8895,0.9135,0.9013,0.9581,[0.878-0.928],0.8895,0.9135,0.9013,0.9581,[0.878-0.928]
2021-09,840,16.55,0.9219,0.8489,0.8839,0.9406,[0.845-0.917],0.9077,0.8489,0.8773,0.9334,[0.835-0.912],0.9077,0.8489,0.8773,0.9334,[0.835-0.912],0.9077,0.8489,0.8773,0.9334,[0.835-0.912]
2021-10,782,13.3,0.8532,0.8942,0.8732,0.9272,[0.824-0.912],0.8532,0.8942,0.8732,0.9272,[0.824-0.912],0.8824,0.8654,0.8738,0.9241,[0.822-0.918],0.8824,0.8654,0.8738,0.9241,[0.822-0.918]
2021-11,641,19.19,0.9231,0.878,0.9,0.9569,[0.865-0.934],0.8527,0.8943,0.873,0.9467,[0.834-0.913],0.9231,0.878,0.9,0.9569,[0.865-0.934],0.848,0.8618,0.8548,0.9381,[0.819-0.900]
2021-12,480,17.29,0.8667,0.9398,0.9017,0.9634,[0.847-0.944],0.8667,0.9398,0.9017,0.9634,[0.847-0.944],0.9048,0.9157,0.9102,0.9554,[0.848-0.952],0.8837,0.9157,0.8994,0.9396,[0.837-0.947]
2022-01,152,36.18,1.0,0.8364,0.9109,0.9638,[0.850-0.960],1.0,0.8364,0.9109,0.9571,[0.854-0.960],0.9787,0.8364,0.902,0.9508,[0.838-0.959],0.9767,0.7636,0.8571,0.92,[0.781-0.924]
2022-02,98,34.69,1.0,0.9118,0.9538,0.9849,[0.900-1.000],1.0,0.9118,0.9538,0.9849,[0.900-1.000],1.0,0.9118,0.9538,0.9849,[0.900-1.000],1.0,0.9118,0.9538,0.9849,[0.900-1.000]
2022-03,154,42.86,0.9836,0.9091,0.9449,0.982,[0.903-0.988],0.9836,0.9091,0.9449,0.9816,[0.896-0.981],0.9836,0.9091,0.9449,0.9816,[0.896-0.981],0.9836,0.9091,0.9449,0.9816,[0.896-0.981]
2022-04,122,50.82,0.9683,0.9839,0.976,0.997,[0.951-0.993],0.9683,0.9839,0.976,0.997,[0.951-0.993],0.9672,0.9516,0.9593,0.9928,[0.926-0.989],0.9672,0.9516,0.9593,0.9928,[0.926-0.989]
2022-05,121,50.41,0.9833,0.9672,0.9752,0.9987,[0.941-1.000],1.0,0.9508,0.9748,0.9958,[0.942-0.997],0.9833,0.9672,0.9752,0.9987,[0.941-1.000],1.0,0.9508,0.9748,0.9976,[0.942-0.997]
2022-06,153,39.87,0.9206,0.9508,0.9355,0.8979,[0.891-0.984],0.9206,0.9508,0.9355,0.8979,[0.891-0.984],0.9062,0.9508,0.928,0.8977,[0.872-0.976],0.9048,0.9344,0.9194,0.9113,[0.866-0.973]
2022-07,111,46.85,1.0,0.9231,0.96,0.9928,[0.912-0.991],1.0,0.9231,0.96,0.9918,[0.912-0.991],0.9796,0.9231,0.9505,0.9915,[0.905-0.987],1.0,0.9038,0.9495,0.9887,[0.907-0.990]
2022-08,128,40.62,0.98,0.9423,0.9608,0.9816,[0.918-0.990],0.98,0.9423,0.9608,0.9816,[0.918-0.990],0.98,0.9423,0.9608,0.9816,[0.918-0.990],0.98,0.9423,0.9608,0.9816,[0.918-0.990]
2022-09,151,40.4,0.98,0.8033,0.8829,0.9584,[0.833-0.943],0.98,0.8033,0.8829,0.9516,[0.833-0.943],0.98,0.8033,0.8829,0.9516,[0.833-0.943],0.98,0.8033,0.8829,0.9516,[0.833-0.943]
2022-10,180,40.0,1.0,0.8889,0.9412,0.9764,[0.899-0.976],1.0,0.8889,0.9412,0.9764,[0.899-0.976],1.0,0.8194,0.9008,0.9437,[0.845-0.947],1.0,0.8194,0.9008,0.9437,[0.845-0.947]
2022-11,106,45.28,0.9535,0.8542,0.9011,0.9667,[0.834-0.947],0.9535,0.8542,0.9011,0.9663,[0.804-0.954],0.9535,0.8542,0.9011,0.9667,[0.834-0.947],0.973,0.75,0.8471,0.9391,[0.768-0.904]
2022-12,115,46.96,0.98,0.9074,0.9423,0.9753,[0.887-0.976],0.98,0.9074,0.9423,0.9753,[0.887-0.976],0.8571,0.8889,0.8727,0.9496,[0.796-0.938],0.9787,0.8519,0.9109,0.967,[0.836-0.957]
2023-01,71,46.48,0.9286,0.7879,0.8525,0.955,[0.741-0.915],0.9231,0.7273,0.8136,0.9452,[0.707-0.882],0.8519,0.697,0.7667,0.9264,[0.650-0.851],0.9565,0.6667,0.7857,0.9507,[0.681-0.869]
2023-02,116,65.52,1.0,0.7632,0.8657,0.9875,[0.808-0.926],1.0,0.7632,0.8657,0.9875,[0.808-0.926],1.0,0.7632,0.8657,0.9875,[0.808-0.926],1.0,0.7632,0.8657,0.9875,[0.808-0.926]
2023-03,101,44.55,0.8485,0.6222,0.7179,0.9101,[0.602-0.818],0.92,0.5111,0.6571,0.9183,[0.553-0.766],0.92,0.5111,0.6571,0.9183,[0.553-0.766],0.92,0.5111,0.6571,0.9183,[0.553-0.766]
2023-04,88,40.91,0.9667,0.8056,0.8788,0.9597,[0.782-0.961],0.9667,0.8056,0.8788,0.9597,[0.782-0.961],0.9655,0.7778,0.8615,0.9644,[0.766-0.933],0.9655,0.7778,0.8615,0.9644,[0.766-0.933]
2023-05,83,43.37,1.0,0.6944,0.8197,0.9496,[0.711-0.923],1.0,0.7222,0.8387,0.9515,[0.752-0.929],1.0,0.6944,0.8197,0.9496,[0.711-0.923],1.0,0.5833,0.7368,0.943,[0.607-0.855]
2023-06,97,37.11,0.9706,0.9167,0.9429,0.9853,[0.890-0.987],0.9706,0.9167,0.9429,0.9853,[0.890-0.987],1.0,0.8889,0.9412,0.965,[0.879-0.987],1.0,0.8889,0.9412,0.9611,[0.879-0.987]
2023-07,72,34.72,0.9048,0.76,0.8261,0.9196,[0.659-0.931],0.9048,0.76,0.8261,0.8433,[0.659-0.931],0.95,0.76,0.8444,0.909,[0.671-0.938],0.9444,0.68,0.7907,0.8838,[0.627-0.900]
2023-08,106,41.51,0.8919,0.75,0.8148,0.8324,[0.666-0.880],0.8919,0.75,0.8148,0.8324,[0.666-0.880],0.8919,0.75,0.8148,0.8324,[0.666-0.880],0.8919,0.75,0.8148,0.8324,[0.666-0.880]
2023-09,77,40.26,0.875,0.9032,0.8889,0.9164,[0.816-0.966],0.8667,0.8387,0.8525,0.8926,[0.762-0.933],0.8667,0.8387,0.8525,0.8926,[0.762-0.933],0.8667,0.8387,0.8525,0.8926,[0.762-0.933]
2023-10,110,48.18,0.9444,0.6415,0.764,0.8726,[0.675-0.848],0.9444,0.6415,0.764,0.8726,[0.675-0.848],0.9412,0.6038,0.7356,0.8422,[0.640-0.836],0.9412,0.6038,0.7356,0.8422,[0.640-0.836]
2023-11,88,35.23,0.8621,0.8065,0.8333,0.8188,[0.729-0.924],0.8214,0.7419,0.7797,0.7905,[0.660-0.882],0.8621,0.8065,0.8333,0.8188,[0.729-0.924],0.8276,0.7742,0.8,0.7803,[0.699-0.900]
2023-12,61,26.23,0.8667,0.8125,0.8387,0.9475,[0.705-0.947],0.8667,0.8125,0.8387,0.9475,[0.705-0.947],0.8667,0.8125,0.8387,0.9322,[0.705-0.947],0.8,0.75,0.7742,0.8682,[0.545-0.903]
