Month,Total_Samples,Malware_Ratio_%,S2_F1,S2_PR_AUC,S3_F1,S3_PR_AUC,S4_F1,S4_PR_AUC,S5_F1,S5_PR_AUC,S6_F1,S6_PR_AUC,S7_F1,S7_PR_AUC,S8_F1,S8_PR_AUC
2021-02,943,25.45,0.6267,0.6322,0.6995,0.7419,0.5275,0.5868,0.8,0.8572,0.8291,0.6878,0.711,0.6948,0.7663,0.8047
2021-03,1016,33.96,0.672,0.7052,0.6644,0.7791,0.5224,0.6518,0.8715,0.8665,0.8626,0.7685,0.7865,0.6345,0.8385,0.7973
2021-04,1038,32.85,0.6923,0.7582,0.6667,0.8353,0.5629,0.6635,0.8627,0.9187,0.8712,0.7531,0.7936,0.6907,0.8266,0.7887
2021-05,1275,26.59,0.6231,0.6253,0.6432,0.7277,0.5603,0.6324,0.8493,0.745,0.8524,0.7142,0.7246,0.6572,0.7775,0.73
2021-06,1340,25.67,0.6677,0.6761,0.6885,0.7552,0.5719,0.5687,0.8494,0.6668,0.8338,0.6713,0.75,0.6988,0.8069,0.6485
2021-07,1311,24.1,0.6182,0.6068,0.6667,0.7243,0.5414,0.5433,0.8449,0.7407,0.7843,0.5478,0.7426,0.736,0.7778,0.6701
2021-08,1016,18.21,0.5255,0.5179,0.5312,0.5962,0.4075,0.4593,0.8682,0.6986,0.7234,0.4065,0.7179,0.4736,0.7555,0.5203
2021-09,840,16.55,0.5325,0.5312,0.6324,0.6829,0.4954,0.4702,0.8116,0.4616,0.708,0.4183,0.6441,0.4578,0.6766,0.476
2021-10,782,13.3,0.5596,0.5744,0.531,0.6493,0.3975,0.3887,0.8309,0.474,0.6429,0.3579,0.7236,0.4788,0.6929,0.4671
2021-11,641,19.19,0.55,0.5301,0.6,0.6443,0.4382,0.5074,0.8714,0.8493,0.8231,0.6436,0.7456,0.4929,0.7343,0.6495
2021-12,480,17.29,0.5851,0.591,0.6628,0.7114,0.3471,0.4367,0.8994,0.5227,0.6703,0.3893,0.77,0.5231,0.7958,0.551
2022-01,152,36.18,0.5934,0.6969,0.6304,0.7576,0.338,0.6192,0.8283,0.8849,0.7611,0.5815,0.7965,0.9055,0.8302,0.6975
2022-02,98,34.69,0.7385,0.824,0.6429,0.7361,0.3333,0.5415,0.9231,0.9416,0.8451,0.4635,0.8,0.6288,0.8824,0.4725
2022-03,154,42.86,0.6957,0.8143,0.6154,0.7968,0.3908,0.6705,0.9048,0.9543,0.9313,0.7268,0.9197,0.828,0.8905,0.5981
2022-04,122,50.82,0.64,0.7646,0.5333,0.844,0.1493,0.7172,0.9593,0.9742,0.944,0.4959,0.9231,0.494,0.9365,0.4738
2022-05,121,50.41,0.5161,0.7319,0.4598,0.7247,0.1449,0.6489,0.9322,0.9738,0.9355,0.7547,0.896,0.975,0.928,0.5959
2022-06,153,39.87,0.4783,0.6294,0.5,0.6477,0.2338,0.5347,0.9344,0.9413,0.8571,0.4494,0.8321,0.4631,0.912,0.468
2022-07,111,46.85,0.4444,0.6558,0.3582,0.6892,0.2769,0.7159,0.932,0.9536,0.8909,0.5506,0.8909,0.5011,0.8991,0.4503
2022-08,128,40.62,0.6,0.6831,0.4878,0.7179,0.1667,0.5747,0.8163,0.9009,0.8,0.6798,0.8039,0.6596,0.8519,0.4746
2022-09,151,40.4,0.5106,0.685,0.5116,0.7136,0.2466,0.6827,0.8545,0.8145,0.8908,0.852,0.8067,0.5573,0.8696,0.4994
2022-10,180,40.0,0.4242,0.6246,0.5505,0.7159,0.2045,0.5651,0.8507,0.6317,0.8767,0.6687,0.8138,0.5225,0.8467,0.702
2022-11,106,45.28,0.5676,0.7426,0.5672,0.8672,0.2069,0.6489,0.7907,0.5009,0.8571,0.7558,0.7865,0.9189,0.7727,0.4929
2022-12,115,46.96,0.6047,0.7623,0.7191,0.9011,0.411,0.7339,0.9038,0.6471,0.8696,0.585,0.8824,0.9597,0.9307,0.9514
2023-01,71,46.48,0.4898,0.7713,0.549,0.7999,0.4186,0.796,0.7719,0.8589,0.7619,0.5358,0.7368,0.5448,0.7797,0.8993
2023-02,116,65.52,0.4762,0.8481,0.4752,0.9027,0.2118,0.8695,0.9,0.962,0.8477,0.5134,0.8271,0.9573,0.9306,0.9774
2023-03,101,44.55,0.4923,0.7048,0.5758,0.8359,0.2264,0.622,0.8205,0.9005,0.814,0.6509,0.5312,0.8706,0.8608,0.9405
2023-04,88,40.91,0.6102,0.7359,0.7333,0.914,0.2439,0.7539,0.9254,0.9586,0.7848,0.4077,0.7812,0.9524,0.9315,0.6277
2023-05,83,43.37,0.5,0.7116,0.4444,0.6837,0.383,0.7318,0.7368,0.8998,0.8182,0.8226,0.7,0.5399,0.8358,0.7043
2023-06,97,37.11,0.4815,0.6567,0.6415,0.8652,0.4,0.6604,0.8485,0.9256,0.7632,0.4411,0.8056,0.7169,0.8955,0.9094
2023-07,72,34.72,0.45,0.6712,0.6486,0.8561,0.2424,0.5215,0.8095,0.8546,0.72,0.476,0.7347,0.8704,0.8889,0.9328
2023-08,106,41.51,0.4407,0.763,0.3929,0.7455,0.2963,0.5916,0.7059,0.856,0.6988,0.5927,0.7123,0.8444,0.8205,0.5283
2023-09,77,40.26,0.5909,0.8077,0.5116,0.779,0.2632,0.6703,0.7308,0.7795,0.6441,0.4971,0.717,0.836,0.8,0.8545
2023-10,110,48.18,0.4507,0.8529,0.4658,0.8013,0.25,0.6647,0.5526,0.8169,0.5926,0.7319,0.5926,0.8368,0.7416,0.8406
2023-11,88,35.23,0.2857,0.4171,0.5238,0.7405,0.3077,0.5802,0.7931,0.8174,0.7419,0.528,0.6897,0.4848,0.7719,0.7935
2023-12,61,26.23,0.2727,0.4884,0.4545,0.6546,0.3636,0.5212,0.7857,0.8689,0.7857,0.7825,0.7333,0.8294,0.7586,0.7941
